avspeed,distance,duration,maxspeed,color
17.07348492,7753.920641,1635,186.3907551,1
23.52246869,6618.531906,1005,74.72829295,1
28.35585047,4434.752456,555,66.09449738,1
24.43975946,6211.786501,900,54.76366544,1
22.75289412,9586.572729,1500,76.1779501,1
34.27534729,11579.0957,1200,96.92800332,1
26.6278761,10225.25339,1380,82.4109426,1
28.31088083,10534.88296,1335,84.27589626,1
37.8696776,7060.577996,660,120.933428,1
22.70939878,5110.691946,795,187.7651398,1
29.79203773,5461.459436,660,113.3226932,1
49.42199586,12116.22006,870,138.8245244,1
16.1082172,7459.256965,1650,60.03807425,1
66.63873939,11764.08949,630,142.1737587,1
50.53099077,17892.22946,1260,123.3451161,1
40.04829729,17687.45519,1575,98.77549662,1
13.34012543,666.6578914,180,31.20815028,1
45.38266165,1284.902304,120,100.2991772,1
10.1643126,1257.162406,435,31.38206986,1
12.21081464,1476.664475,420,35.92776482,1
34.66695285,1290.764317,120,189.9715041,1
12.69809887,1089.722425,300,29.11420889,1
11.8111388,2107.03601,630,41.48595283,1
13.30235839,2661.328759,705,47.29923112,1
18.5342898,2855.585842,540,112.0908797,1
28.10591752,1703.869629,210,241.0051693,1
15.10435143,3019.745264,705,45.61280289,1
14.03907387,2444.142986,615,69.67718772,1
7.35822838,519.4654555,240,26.55530616,1
17.06142456,2250.693885,465,64.04483606,1
15.30592639,2997.494915,720,46.94194249,1
12.3548595,1311.884507,375,27.90024841,1
20.70109492,2559.122303,450,157.3604155,1
11.57691436,2261.951396,690,43.04208369,1
19.17481173,2037.842554,375,48.49165823,1
12.5308559,1669.005192,465,40.71467195,1
17.36356987,6077.615846,1245,72.2153377,1
15.09304612,1273.935684,300,37.77629967,1
16.59063698,2061.970342,435,48.80715267,1
17.31296108,5667.901676,1170,59.32383008,1
21.43598129,6164.60307,1020,73.97926541,1
29.30422184,9238.654261,1140,157.712351,1
27.63984183,9802.963648,1260,93.67610872,1
42.57644581,13321.68004,1110,104.1085807,1
25.3938274,2683.882123,375,93.48718435,1
47.42968877,3748.045737,270,215.9546215,1
11.83086669,4132.364126,1245,43.87698156,1
34.99773237,3294.980188,345,54.71582465,1
11.17652078,2357.371944,780,43.52494142,1
18.28633304,4957.422406,960,191.0050395,1
34.90749372,10303.93149,1050,109.5774287,1
11.16321268,2838.436095,900,190.403119,1
19.91893918,6369.137434,1140,54.8864229,1
21.75624159,2963.579162,495,198.7043662,1
14.49208859,15110.07039,3765,224.0814907,1
22.93300696,10330.37408,1605,91.91465977,1
12.60225008,7268.170251,2070,152.5451607,1
25.82544685,8825.349166,1215,76.99122602,1
16.61151061,9867.041172,2160,82.00189746,1
16.88185505,4321.528375,915,187.219671,1
12.44318753,3736.494534,1065,201.8408803,1
12.68623744,3058.839086,855,39.18346172,1
28.51198435,2138.287892,255,169.7957155,1
17.08992512,2803.752336,600,48.31941588,1
36.3191369,9689.22267,945,179.1649132,1
17.63821252,3087.602129,615,58.98762125,1
40.21365188,13395.86526,1185,91.04106566,1
27.71367659,7383.497178,945,71.96425936,1
48.14802517,11979.54883,885,103.6733553,1
44.54761772,5514.328403,435,75.62936688,1
50.19893034,13317.59366,945,98.40736201,1
53.7222467,11196.8178,735,154.5567187,1
36.53684023,5469.919581,525,83.03548169,1
21.81130411,3317.685966,540,183.6730843,1
18.31581618,3431.917792,660,183.1548681,1
25.98781199,2423.978851,330,42.08073106,1
17.77757273,2888.348163,570,57.35842262,1
13.47011078,3864.787916,1020,48.51133254,1
32.71432942,12936.84022,1425,192.6188509,1
47.71775244,9729.997559,720,104.6662234,1
43.17697584,9161.015778,750,100.3145831,1
29.23999483,6346.432676,780,145.7914236,1
15.84839618,3166.000983,705,59.15485265,1
25.50147777,7436.404645,1035,77.47606316,1
28.14963192,10082.08781,1275,92.88667798,1
34.08070581,8954.336008,930,82.25196231,1
20.10115097,5781.23801,1020,67.10696918,1
22.52589717,3885.071363,615,63.76391061,1
22.08802016,10398.99488,1680,80.35291655,1
44.12743863,18125.7695,1470,83.13993884,1
22.85945684,9824.912918,1530,72.18831295,1
17.3730178,5215.655195,1065,159.9650351,1
12.82458441,3953.262811,1095,58.73871803,1
32.54774385,5157.833318,555,64.46059809,1
95.84017233,1188.739225,30,282.1680553,1
29.3707355,2070.125261,240,165.8739611,1
22.41686819,3259.501433,510,45.72666746,1
21.80206739,1712.940539,285,154.9364858,1
30.5492188,14510.89484,1695,183.9832984,1
37.06932051,16130.67229,1560,101.0890057,1
26.43199343,9684.269054,1305,84.71522252,1
23.93220105,12633.93795,1890,91.02275767,1
32.52947507,13007.99902,1425,230.0712269,1
27.09506289,10814.34686,1425,154.8422966,1
15.81842709,6073.977208,1380,62.7789869,1
26.38804647,7585.331449,1020,64.68339761,1
22.93899347,7556.944681,1170,198.1897917,1
8.445765499,5489.534147,2325,99.10122853,1
13.55607549,6446.33113,1695,57.73194687,1
16.12684541,6235.751497,1380,180.9666163,1
30.21574958,10701.57998,1260,206.3202272,1
16.08774685,6775.681005,1500,56.42403381,1
28.01468252,9202.24158,1170,94.09247602,1
20.29827319,4232.41047,735,47.04491653,1
15.9621036,8854.545626,1980,72.739775,1
14.69637882,7847.55437,1905,64.65554985,1
27.33021773,5588.046479,720,58.83647033,1
38.48913844,9793.278102,900,77.53335317,1
24.28987924,11824.6773,1740,85.2411017,1
21.45438009,7574.332275,1275,185.9611583,1
16.48313555,6673.296681,1440,178.7651561,1
61.55386438,10642.93524,615,395.3635105,1
14.6128026,7424.956946,1815,59.88364292,1
15.02257779,2253.303008,540,47.9584701,1
16.2414953,1679.276224,360,48.04289388,1
21.18778901,2825.34043,465,155.2595313,1
19.32224961,1517.750396,270,48.04289341,1
54.81748161,1368.945965,75,263.3172556,1
53.61944934,1207.856168,120,193.4133686,1
20.08582792,1161.63157,210,39.71325196,1
7.894224113,4705.638906,2130,39.64777122,1
10.5459885,908.7128963,300,24.03909494,1
13.01778816,1183.918358,315,54.73114622,1
66.38571789,1690.962957,120,191.2679966,1
14.44081475,3010.620344,735,198.2288351,1
17.74162676,1698.426192,330,207.6142383,1
25.48965882,1476.464717,195,226.5275919,1
22.16588593,1663.833857,255,180.4346871,1
10.97515682,3737.833694,1215,40.15903775,1
22.41322239,3364.075981,525,181.3514013,1
7.570120417,1040.898586,480,44.61196653,1
28.73451005,4174.158748,510,74.72320104,1
17.13964835,3628.974361,750,50.58962564,1
13.97367322,4895.499417,1245,46.64694826,1
16.81111499,5459.762133,1155,64.83150395,1
27.41208681,3821.073064,495,85.06034541,1
17.31650006,4474.08938,915,96.82606495,1
19.52168872,5271.918501,975,108.2980153,1
17.26559023,6463.184469,1335,169.3851006,1
9.043366212,2414.816438,945,35.97734144,1
12.60017311,1733.106806,480,31.89003298,1
11.74285715,2829.581787,855,42.59874103,1
43.36343721,1063.323799,75,231.6545553,1
14.84755744,4201.845282,1005,72.05873753,1
14.5400798,4249.935114,1050,82.72895924,1
12.51598656,2555.140236,720,40.15904089,1
65.99074461,17873.84695,960,175.9939659,1
46.58683098,22703.6499,1770,130.620837,1
50.08820941,16987.43857,1215,115.3475799,1
66.31723493,18110.14731,975,248.7734217,1
44.91985366,16662.92899,1320,190.7719699,1
79.87844384,16511.54791,735,135.6787676,1
46.08545679,18444.3203,1425,175.0375816,1
52.34898271,17871.29166,1215,132.5201277,1
58.75501844,18231.22423,1110,248.6426437,1
49.54611476,16822.8559,1215,111.9486198,1
42.63076339,18312.84363,1545,114.161296,1
123.9492691,11291.68019,315,2275.352908,1
38.19046928,16550.90405,1545,117.0365026,1
17.81697523,2372.152034,465,88.02183626,1
45.82863567,13194.72427,1035,98.80003972,1
18.28923502,2408.9765,480,91.40555003,1
40.53261346,21967.18725,1935,109.6570418,1
62.40276721,20410.70887,1170,140.1146409,1
46.96926897,18000.60388,1365,131.1904514,1
44.82632641,14753.13198,1170,221.5932647,1
12.98014668,1297.563328,345,35.08404081,1
18.40072427,3440.028978,660,73.45342273,1
18.30437468,1208.68252,225,52.34728985,1
16.77795178,1677.568617,345,56.4328961,1
18.19280004,3707.024468,720,46.36281725,1
18.38213912,2756.416678,525,89.9311957,1
14.85955541,3222.282892,765,71.29544309,1
16.67590845,2865.858405,615,43.7617747,1
18.40613339,2455.466778,480,40.53498407,1
21.7668825,1665.712834,270,43.162897,1
39.63936394,1285.022449,105,166.2756639,1
12.2341711,1316.178036,390,37.77045865,1
12.46221206,1267.380389,360,37.9106613,1
4.368943006,2476.262281,2070,52.74208164,1
23.54817799,2778.912552,420,181.2377205,1
16.64492221,2704.781384,570,48.13062601,1
15.99103233,2360.23393,525,43.11477543,1
7.880413152,1182.172868,525,40.6090199,1
16.22364104,1948.959336,420,45.36793875,1
15.5571152,1812.305322,405,59.10706474,1
12.67317195,3148.33827,885,38.58622994,1
12.63060859,1257.427118,345,40.71475686,1
15.99871405,5034.620444,1125,47.1175489,1
16.82895198,3581.636558,765,89.84077139,1
13.08091572,4087.531612,1140,64.75992761,1
20.43660212,6186.160054,1095,54.85366656,1
18.12908062,5893.264153,1155,74.05179396,1
16.80156852,7493.917721,1590,57.15016381,1
16.92823827,2861.603192,600,50.0328235,1
23.10988431,7517.655453,1155,70.32607182,1
17.40397812,4489.00022,945,46.29283662,1
15.10032786,4965.988218,1170,50.43322457,1
11.48648223,2363.341577,735,40.25193116,1
10.85043804,10806.10828,3585,159.9027371,1
17.46996718,2969.720546,615,42.7106347,1
16.65551792,2618.120997,570,47.2861675,1
17.71028065,8039.969251,1635,60.02174366,1
13.47633336,2460.444297,645,59.11423366,1
13.7804925,2969.834191,780,59.23151095,1
11.79538473,3073.261149,930,67.17559264,1
14.42325039,7271.980947,1800,49.18160737,1
13.87624918,5955.727428,1530,154.3622793,1
24.99003056,6771.141512,960,73.88334254,1
10.89361671,4398.792882,1440,109.9145269,1
15.2580148,6010.732639,1425,64.86319407,1
28.92780892,5718.756177,705,59.40319524,1
33.80150384,8313.00123,870,120.4820175,1
18.98013759,17811.42693,3360,165.1849508,1
15.91946212,9160.836484,2055,59.5304734,1
13.45510051,1681.644432,435,40.25193453,1
20.70266981,2970.805497,510,212.4770535,1
15.69447541,3007.167148,675,40.34399137,1
8.701710501,1002.884752,405,35.43900023,1
15.57363216,5197.458188,1185,188.7022669,1
30.29793521,7184.141898,840,71.28686275,1
35.66282942,2901.328376,360,196.5852292,1
29.79801674,1243.838442,135,190.7719699,1
14.7705235,2320.000993,555,40.60895503,1
17.70775281,2727.815585,540,43.3971417,1
35.78814911,4758.75318,465,128.4990626,1
29.97840424,12603.28999,1500,120.9142685,1
40.58168503,16574.69031,1455,1021.085489,1
26.60799773,12197.68936,1635,69.62953359,1
25.43170631,4344.765774,600,164.582337,1
23.04085779,4022.011493,615,143.7731516,1
21.2168669,4066.210351,675,90.84604723,1
23.54895139,4106.31461,615,57.58978643,1
24.70260837,3189.053886,450,64.77032327,1
22.18473603,3138.992421,495,69.414664,1
28.72979146,6464.266331,795,106.6557592,1
50.44258149,16475.31354,1170,190.1763482,1
14.60394588,849.0957318,195,27.87126577,1
45.80303132,25396.52404,1980,141.5257598,1
70.43368442,16295.03658,825,211.5569321,1
25.93205263,18466.34264,2550,195.7838659,1
23.19339575,8404.365384,1290,82.68004311,1
31.80348533,15790.13825,1770,118.9774728,1
22.3682191,1651.864592,255,44.42363379,1
17.83379784,1853.46141,360,44.93358366,1
13.70523625,1257.23462,315,41.14264122,1
19.19122188,879.8586016,150,36.92690372,1
22.86955094,3524.069607,540,118.7344974,1
31.85633539,3303.883398,360,66.73626347,1
15.59581931,2794.086142,630,62.50387988,1
19.66037311,4909.75934,885,57.07122607,1
30.61247321,10392.80428,1215,195.2008132,1
39.49034702,6921.319606,615,188.9678431,1
40.91607734,4268.806254,360,200.2345903,1
46.58940715,39050.18371,3000,1646.716229,1
45.3228292,13869.807,1095,93.94263945,1
26.77395563,980.6282915,150,69.39983238,1
51.53507951,8596.445609,585,89.22694608,1
14.59167713,3939.719595,960,153.1633362,1
24.27415463,3124.063788,450,62.71231168,1
24.1507639,1511.796337,225,53.97607809,1
17.28875627,2376.031495,480,49.99723027,1
26.9367917,5083.939494,675,66.95435979,1
42.69770929,13503.1326,1125,89.60148773,1
26.56507581,3096.584159,405,91.80083123,1
50.26260249,20997.33694,1500,215.3177419,1
48.96440036,33482.31245,2445,194.2060808,1
61.20076086,15214.67762,885,102.7328496,1
26.8161603,39997.26442,5355,101.4146609,1
55.57911941,21537.59114,1380,120.8005979,1
49.10055934,17599.59219,1275,94.99478561,1
55.00136104,17880.72739,1155,101.622826,1
39.43276196,18438.23822,1680,115.1034436,1
40.7135792,18149.05451,1590,115.2867689,1
58.51908872,20403.82978,1245,100.751004,1
49.77970145,13392.87861,960,77.40826881,1
18.17975517,2043.811734,390,45.374612,1
36.63615667,1486.088478,150,48.10713816,1
12.03052814,1092.985059,345,37.72500848,1
15.33783381,1689.284729,390,172.4295907,1
11.69658708,1851.462619,555,35.59935792,1
17.11454802,2351.163416,480,37.04311809,1
16.56161645,1517.345271,315,45.86610658,1
28.6462485,1251.619405,150,149.5341677,1
27.5999124,4253.861106,540,67.3688136,1
23.12697587,3955.576563,600,158.5534382,1
33.49994443,5657.106938,615,64.33144463,1
18.29447486,1642.541952,315,47.36535767,1
15.99793845,3535.806921,780,68.16340759,1
18.0919623,3252.735601,660,66.56194081,1
20.02408956,2110.807025,375,43.23218273,1
17.26748315,8300.517243,1725,91.79229622,1
18.32545567,11766.25224,2295,174.4274494,1
22.70670673,1886.571497,285,62.22905632,1
29.22127084,9936.058028,1215,67.17878023,1
27.98705437,3264.771071,405,86.72920076,1
17.01992606,4041.359814,840,61.33067407,1
18.54153015,2232.724933,420,62.37433126,1
26.11115147,9845.303399,1365,72.3060927,1
31.6386493,6067.105717,675,75.85623531,1
16.99920292,1786.426113,375,40.61264168,1
17.86330586,2457.877862,480,52.34425043,1
15.40093831,1090.663338,240,37.36084707,1
25.54421234,3729.498252,510,51.16302632,1
22.92640391,3819.523558,585,51.76270618,1
43.39687233,4325.610384,360,69.46001749,1
23.59585088,14166.78939,2145,148.4532056,1
39.1305348,11092.61654,1005,93.30764813,1
25.53821671,13927.36365,1950,89.7703522,1
30.78486016,8734.921024,1005,95.8658795,1
22.41424547,13349.69319,2145,66.50826932,1
31.31950582,12802.92067,1455,75.79012648,1
19.955782,6309.075764,1140,50.7164489,1
36.4520042,9339.190889,915,105.2139934,1
11.23032271,1966.889101,615,32.35519787,1
21.54818341,1763.505122,285,162.1706269,1
16.19128353,4244.653019,930,47.61911611,1
21.84142063,5159.114697,840,190.5709287,1
22.48950823,2641.179542,420,74.20997069,1
12.2487245,2386.933328,690,41.94931875,1
11.54957225,2876.008145,885,42.42945303,1
30.358412,4392.006185,510,205.1307882,1
18.96307978,2656.008379,510,47.74176024,1
19.77532196,2074.66797,375,50.71479813,1
13.58711929,2207.512905,570,42.71583367,1
13.45120638,1288.934426,345,32.74452658,1
12.78529353,1757.366739,480,35.12239385,1
25.40642911,2623.06849,375,146.9150653,1
14.96347598,1838.755861,435,34.66658772,1
18.83361282,1404.314738,255,184.3574155,1
12.50138599,4168.714068,1185,40.79820685,1
15.9212315,3648.318711,810,58.05248268,1
29.59107859,4531.51291,540,72.78093571,1
18.29148534,3559.161893,705,45.54515498,1
20.34342109,4580.55156,795,201.397593,1
29.53469624,1541.963105,180,149.8404084,1
17.81001027,4592.983482,915,51.93860604,1
29.13131847,2669.785533,315,185.1591368,1
12.35449505,4474.15355,1290,54.3250321,1
15.42584993,3089.858763,705,42.88892544,2
24.50746116,3547.738295,510,48.73780889,2
25.2213149,3522.021378,510,76.96376046,2
14.84583232,5778.281291,1410,48.11848792,2
20.20071233,2691.620402,465,52.79389482,2
25.50863663,1910.789398,255,70.34601772,2
14.40755844,2404.052306,585,56.10304405,2
14.45330853,1805.107288,435,40.12886666,2
13.91170529,3482.248754,885,74.72395174,2
8.97524804,1467.134317,585,37.20587002,2
13.96115612,1735.336024,450,40.67598268,2
14.46870936,3341.340531,840,45.38929126,2
15.16544151,2211.668321,510,49.84256746,2
23.670165,2079.135831,315,123.7168602,2
18.29651333,1678.590693,315,179.56549,2
11.54549365,1290.16964,390,150.0915021,2
14.88311863,857.1632503,195,33.71984096,2
14.9126116,869.7648616,195,40.42364783,2
23.63454604,2391.914903,360,65.95943364,2
22.01800809,2556.261121,405,69.95686799,2
24.87878232,2801.650646,390,161.4470419,2
20.38910218,2281.294477,390,69.51375917,2
21.37010508,3385.867703,555,74.55534297,2
20.04431902,3301.567536,585,111.7435489,2
17.11936588,1191.426925,240,34.30581457,2
16.71011341,1591.277799,330,47.41666465,2
20.00635289,5251.266884,930,68.30949382,2
44.38392923,8408.828517,675,79.75923437,2
27.12137522,6783.89664,885,74.46136383,2
43.6145827,9632.265835,780,92.17445747,2
20.25088678,4308.489299,750,52.33374654,2
39.28806806,10978.2843,990,91.20499669,2
31.46018732,5509.738221,615,72.28559199,2
37.51234825,14390.39868,1365,107.4780178,2
56.03767126,13790.50886,870,96.13551324,2
23.17543003,5802.447061,885,55.48317045,2
26.82149459,8045.522703,1065,72.8079652,2
29.4103746,3068.951415,360,60.23869707,2
19.97283117,3487.013209,615,42.85174637,2
24.85831309,4665.303168,660,69.71948793,2
24.48916045,6426.175377,930,75.11750614,2
47.74434294,5238.282796,390,210.2675679,2
20.79541717,5028.098694,855,46.64327835,2
35.88940773,7477.644143,735,175.1865318,2
38.90079714,8882.395885,810,75.29192223,2
34.69532156,7085.993253,720,88.76625374,2
14.30198496,2029.939429,495,185.9895051,2
32.05333544,9222.035294,1020,99.88366324,2
24.64091704,12948.90982,1890,88.68839266,2
41.91314013,9713.161906,825,76.07173881,2
35.81128691,7936.042544,795,78.62395181,2
14.86334295,1165.768497,270,37.43601472,2
26.61375988,2550.322288,330,88.23328297,2
28.56094976,2145.398795,270,66.39049362,2
23.12242961,2687.927152,420,53.47025467,2
17.73588795,1992.791671,390,40.03821045,2
19.35897069,5243.868578,960,65.93535542,2
13.13334967,1150.173304,300,30.80983953,2
37.97481452,9404.564966,885,88.17726451,2
30.47433892,7621.777781,885,60.64455134,2
29.92052732,9719.205613,1155,166.345171,2
43.74263044,10077.25716,825,195.0910685,2
34.74857255,7079.659533,720,67.0662076,2
19.47614412,1346.788953,240,30.60611382,2
20.42014393,6892.06869,1200,73.34381901,2
28.6983826,5963.462548,735,73.72280923,2
23.27366369,5710.239929,870,58.5063748,2
32.40550517,5673.074406,615,62.55279174,2
23.41131807,1796.495535,270,106.7500697,2
22.23168065,1574.495989,240,51.81109357,2
20.6357081,2189.118032,375,63.9314081,2
14.76308934,1597.780793,375,46.14573103,2
17.37419841,6741.919534,1380,57.06388756,2
27.6048744,5718.437678,735,193.8140796,2
18.82326259,5169.515619,975,62.01311006,2
15.01000076,6227.52856,1515,44.64191541,2
15.06964885,2640.069259,615,42.14761322,2
15.75163193,4333.427878,975,39.99157577,2
16.27270795,3022.261518,690,54.4518082,2
16.75114121,3279.820404,690,48.4916361,2
18.8709009,4005.124674,750,64.09709339,2
13.4316666,5408.072576,1455,56.10853337,2
19.11212589,6378.776596,1185,147.3025844,2
18.87691036,7007.056618,1320,61.12892779,2
21.91885056,5758.799072,930,42.17052438,2
19.66586548,3352.123859,600,47.90749729,2
23.26575811,3786.05479,570,63.75106322,2
29.52304343,3276.509666,390,59.09539035,2
22.35848209,3823.963933,600,62.34580569,2
9.329060279,2019.591939,765,48.20399868,2
9.497743542,1461.577031,540,32.32782103,2
12.63386541,3926.017513,1110,35.56893299,2
23.80409928,2675.144002,390,50.75299783,2
20.83325869,3731.826491,630,59.70521913,2
29.08435164,2136.293027,255,50.12165822,2
17.32143823,2853.055976,585,152.9498669,2
27.32580969,1914.107653,240,186.1615963,2
11.03625963,2587.81654,840,35.57355086,2
19.06369123,1747.835797,315,177.1634962,2
9.250202356,1497.652319,570,32.20579785,2
58.20551197,15512.99319,945,100.9245679,2
46.16295822,16729.13111,1290,101.2999088,2
58.00848033,15833.42534,975,177.5643021,2
50.97891728,15711.97994,1095,90.98300707,2
49.41523194,16445.52768,1185,192.0082535,2
47.2433959,14959.22604,1125,84.39531754,2
49.85044827,39185.34375,2835,280.413144,2
50.18013807,20498.70881,1455,86.62820133,2
51.21921683,17290.33069,1200,85.42617867,2
58.80003424,17156.31655,1035,123.5261624,2
86.64319621,17685.10964,720,232.5827311,2
34.11890988,31280.32204,3285,112.0908692,2
48.85250534,19147.18514,1395,104.0814662,2
58.2988186,18219.45787,1110,141.1394907,2
50.50012102,17471.27885,1230,103.3879458,2
30.42243104,18881.83182,2220,378.8765914,2
62.93283912,17281.30297,975,111.9863996,2
50.81464639,17490.15879,1230,93.42976914,2
48.4967701,18189.45401,1335,101.2364293,2
58.28333323,17470.2799,1065,123.0350914,2
34.4946902,4128.290424,420,60.61975829,2
40.99814363,11797.91809,1020,176.0568782,2
26.72522824,5770.301004,780,108.695158,2
19.50838144,3090.300264,555,51.08605173,2
35.46251023,6334.201992,630,196.4965797,2
27.11504993,3735.196443,480,65.15776438,2
51.25967632,11498.10141,795,91.74778158,2
28.91966385,2169.596134,255,201.8221018,2
17.18546649,2218.047301,450,53.12457734,2
17.38798769,1086.674459,210,36.16918376,2
21.21549765,1846.766069,300,43.23105679,2
23.26091387,695.2322036,105,41.14147703,2
20.67248514,1364.719508,240,40.9698229,2
23.15647282,1721.828345,255,52.89670435,2
34.70081749,1361.066172,180,124.4583829,2
26.51456794,51921.20094,7035,99.51295008,2
36.70387694,16816.2294,1635,95.54832774,2
72.77512384,24864.74589,1215,101.4114862,2
19.10648041,2148.360268,390,60.53624109,2
24.41298244,7031.403685,1035,59.70516498,2
21.97021025,1734.586804,285,56.07820623,2
46.75892362,8188.380806,615,156.5612631,2
61.70222325,9413.142511,540,536.1866567,2
24.5326217,5474.187843,795,77.45157286,2
23.99470789,1695.66069,255,56.05120193,2
20.2037845,2017.123225,345,45.94059517,2
19.08170868,5837.927545,1095,53.94572607,2
14.34196273,1611.483625,390,41.96710716,2
21.06703287,1402.998816,225,49.72776005,2
18.58091285,1691.503643,315,42.71063491,2
44.66796663,23946.97749,1920,130.1184127,2
22.39532276,2289.261406,360,59.26862619,2
22.19789462,3606.839629,570,78.33320968,2
14.93070717,1669.462294,390,44.09401197,2
35.7054893,5412.524047,540,203.4462925,2
35.76682555,6867.463916,675,189.7755799,2
29.68027868,5313.822521,630,80.94389342,2
30.57642581,4963.592351,570,201.3156001,2
37.30401442,5817.179443,555,79.8596772,2
42.630895,6402.394591,525,197.6265453,2
41.85992981,5550.823359,465,200.2348949,2
50.43908269,18225.3133,1290,86.74813379,2
56.01173904,16787.06497,1065,98.75202648,2
64.31445137,16607.46275,915,106.1520913,2
69.81349226,18330.94348,930,112.9576908,2
14.07558355,1064.035553,270,39.99283513,2
14.75063868,982.0428941,225,37.34620849,2
40.64561239,1769.184915,150,158.3524833,2
37.20815506,6201.451072,585,70.40635498,2
37.90297053,5922.691725,555,83.31056976,2
32.824985,5893.478819,630,77.16489694,2
22.28297787,1951.466063,300,49.46380774,2
23.99242732,2337.496401,345,48.55801894,2
18.67467736,2017.98948,375,42.95117146,2
16.09664004,0,0,16.09664004,2
17.14504365,3426.249641,705,47.16597493,2
22.90820153,3439.36222,525,46.45401533,2
35.12786605,7693.538554,780,64.74102163,2
26.91707161,2419.39094,315,61.39138943,2
25.32751537,4960.140527,690,110.2440741,2
32.83268256,8070.70221,870,80.95513752,2
35.31042272,6816.362782,690,96.98668143,2
23.50987321,12475.04548,1920,66.23169015,2
18.3142783,4274.601973,825,50.34537153,2
29.52358597,2938.722459,345,67.2463683,2
29.24717333,5376.194646,660,113.6516622,2
9.879483019,12635.07127,4590,68.5054807,2
42.18002368,4783.517751,405,116.5478655,2
37.17438436,4800.958733,450,128.2045209,2
38.62383112,4897.677066,450,129.1683275,2
22.31626136,4754.818637,765,62.5237563,2
33.08210298,4821.334613,510,125.3827513,2
18.7668545,5000.763368,945,52.3746626,2
34.91832939,25204.11872,2580,70.40181513,2
48.8184337,1655.294583,120,181.3664051,2
65.97756273,3231.118811,165,255.5374063,2
17.11707423,3570.315364,735,49.70328509,2
13.70759766,880.6629968,225,43.34138001,2
28.45344488,2086.981442,270,59.97512042,2
13.03532577,3365.491885,915,57.0303488,2
15.16932003,2655.14162,615,40.71478171,2
15.05292769,2119.475025,495,63.3182009,2
21.34241302,3544.384733,585,58.71637593,2
18.79072047,1319.545073,240,59.04043476,2
46.73175251,12454.48631,945,150.6512888,2
36.67978818,10078.3316,975,70.96623586,2
29.62430312,6619.787379,810,61.60168068,2
35.52810485,4292.923663,420,73.96838527,2
32.06697113,3913.385288,435,123.7653125,2
24.86621942,2577.339751,360,56.10303384,2
31.4183051,6026.708219,675,70.32405613,2
26.14779296,10156.12141,1395,78.32543099,2
49.55338467,17507.04802,1260,93.75876944,2
22.2472746,1786.07036,285,57.62592042,2
33.70262205,6741.902298,705,75.89091659,2
30.06647824,3875.589069,465,56.61587623,2
20.49638801,4789.379708,825,54.91866872,2
23.07878675,4135.848,630,73.7417971,2
24.23716902,2020.15567,285,50.37884468,2
32.8740955,4389.187437,465,166.4374533,2
15.85532148,1774.919645,390,37.9074307,2
36.930887,2003.840967,195,221.2669634,2
46.23620594,2102.352957,165,190.6040483,2
26.59476206,3101.298193,405,99.71916234,2
31.26491652,3188.932818,360,156.7112013,2
32.72156472,3898.943897,420,57.76289637,2
19.59647053,6600.786099,1200,64.27911106,2
33.2121855,5666.886604,600,70.82237526,2
21.33684406,2581.754756,420,56.62263137,2
27.7209827,2395.474881,330,66.92268309,2
26.42950715,4844.942782,645,71.8756224,2
65.69598097,4024.373497,300,414.8518092,2
14.71260983,1927.547671,465,42.91651636,2
20.07176652,1078.32449,195,37.91230011,2
15.94784874,1040.649536,240,37.72969116,2
20.08793332,3682.765,645,58.77822455,2
29.19527254,2916.235389,345,75.05313997,2
28.26157275,966.8688781,120,49.88710881,2
26.71253674,1547.391149,225,56.04543987,2
22.25785833,394.977993,60,32.08709764,2
30.23360387,125.8445981,15,30.23360387,2
2.995916104,44.89930773,45,8.165817779,2
14.02601894,188.9966326,45,27.28970512,2
18.86163593,3852.877826,720,53.37957283,2
17.82828675,2232.382108,435,53.03326804,2
12.20368847,1067.592941,300,29.90343722,2
44.18997903,17656.99122,1425,104.8955484,2
37.49505128,6655.923254,645,81.90472269,2
29.78808609,7074.325135,840,64.05567586,2
28.40025466,5204.851286,645,64.74105526,2
36.70570644,7030.645403,675,64.57924645,2
27.61611602,4733.735109,615,89.66261216,2
26.26405415,4856.302825,660,62.59035896,2
25.43948558,3496.912924,480,83.27203106,2
20.80887661,6851.716223,1170,57.24734109,2
24.87392066,5285.591716,750,64.77068257,2
28.37510349,10051.10335,1260,62.87413814,2
33.53040569,6992.418321,735,68.28505973,2
35.00320264,19845.12176,2025,154.0195516,2
24.69525026,7927.590395,1140,57.06449694,2
25.03360529,9602.607224,1365,108.4097883,2
23.04111274,7670.28408,1185,115.8591072,2
27.0040551,4835.463807,630,63.71138077,2
21.62048176,2973.214097,480,49.43746767,2
35.1479853,6152.976076,615,82.76426168,2
23.86394178,7852.036125,1170,87.31541452,2
34.09488316,4975.380528,510,93.16600039,2
22.49740219,13031.70644,2115,71.57302913,2
40.20783444,8371.126922,735,99.62731305,2
28.08413117,6087.746288,765,62.75346118,2
46.64607984,11227.26279,855,96.4107001,2
30.38511093,4683.317761,540,55.74007765,2
29.07364455,5447.205339,660,85.13260419,2
31.27808955,4559.429196,510,115.112108,2
33.04798271,6391.020704,690,127.8621065,2
23.00947572,4315.83768,660,56.24689628,2
18.08450962,4744.527432,930,43.81677728,2
29.65756786,5672.012554,690,75.02270131,2
36.03420433,3913.756023,390,123.7853109,2
18.37419615,25139.96122,4920,78.65707536,2
45.6081008,8596.97702,675,116.8273194,2
30.85008725,14118.90797,1635,161.5654129,2
30.46958682,4702.906229,540,52.92012976,2
24.17400286,5432.838822,795,59.27483196,2
26.4102158,6500.998935,870,70.72691688,2
34.00431951,20666.44085,2190,70.54227919,2
26.40517276,8024.318459,1080,64.14856898,2
26.20546391,3935.969329,525,56.92335156,2
32.77429444,11196.69387,1215,153.7120727,2
11.70521338,1753.158995,525,35.56678724,2
18.93043629,2512.290998,465,44.15660979,2
36.88723697,1950.269867,180,167.5599111,2
24.03577406,2405.199332,345,51.4408523,2
21.90619518,3472.432897,555,54.85366656,2
17.58677294,2270.677637,450,58.08090844,2
36.10069196,2246.417726,210,167.7686403,2
21.53018947,3789.163104,645,56.58449583,2
22.99393048,1435.082949,210,82.35145511,2
37.55246236,3762.454538,360,86.33020615,2
22.41616199,2121.205417,330,106.7895933,2
14.2839114,1011.219182,240,37.28208377,2
37.36489437,41743.24235,4005,148.8517924,2
16.19123309,4419.704664,990,201.1138851,2
59.1514403,2348.458254,135,214.4301895,2
19.50822408,2666.537625,480,64.13881718,2
14.4736647,2067.660339,525,48.64617315,2
14.35071464,3143.985757,780,50.71917606,2
15.75060197,2676.603281,600,72.86677266,2
22.82346156,3713.764028,570,66.81570832,2
17.73129122,6210.424025,1245,54.99707719,2
16.14527058,2897.050268,630,47.68431412,2
14.97176235,3548.353131,840,44.4286097,2
12.18915309,2287.897872,660,38.82265301,2
6.291815695,440.1073015,240,16.93814418,2
16.06593336,3414.182693,750,46.29283662,2
15.42868234,3473.372135,795,51.38116178,2
11.68312575,2576.183582,780,39.28010769,2
21.37912138,3835.385893,630,48.21509945,2
23.21036087,4937.801459,750,59.43054991,2
19.5938803,4659.646476,840,185.3595699,2
35.66137348,3417.099735,330,235.1176242,2
16.20082247,3262.782468,720,155.1600378,2
14.96312206,1810.986865,420,40.38266091,2
18.11288687,5096.042609,1020,80.3864578,2
31.54177836,6442.583625,720,89.35058997,2
23.06805745,4989.473769,765,89.72395457,2
18.46568646,1442.94366,285,45.46750783,2
19.70774151,6001.609224,1080,71.14688009,2
28.34874048,6450.771834,810,90.38352457,2
43.94945054,6594.974354,525,81.55273622,2
17.24144869,3781.06284,780,63.49439627,2
20.90884304,7150.689602,1215,61.61884888,2
45.71259029,6672.421207,510,266.5096169,2
29.62814565,7043.58622,840,68.59951378,2
38.36780601,6998.538233,645,86.21656408,2
27.67675043,5885.24493,750,84.31462276,2
22.58230187,7767.707163,1230,94.20056989,2
28.53647444,8566.424153,1065,88.90261022,2
26.19434487,7559.050444,1035,92.75758917,2
27.07355592,9597.711788,1260,67.40204732,2
24.73433833,7938.902648,1140,96.77372972,2
23.47474789,10688.36664,1635,55.95721046,2
30.10214224,11491.48174,1365,72.35024331,2
18.59704453,1618.607097,300,171.0126437,2
14.30869092,1900.218362,465,189.6011442,2
22.95227808,1233.908938,180,153.7535643,2
10.30590205,1283.357852,435,78.04110385,2
10.50469298,1344.358661,450,25.73555859,2
20.38828834,3328.258204,600,195.2921521,2
15.98006468,2975.2953,660,45.21466495,2
9.767741614,765.3510295,285,43.73953178,2
16.41982071,5058.977297,1095,196.5849308,2
9.913666672,3018.922916,1080,47.09879646,2
20.69772104,5435.251096,930,45.91222581,2
12.76246855,2980.115873,825,48.29873632,2
17.81447175,5555.046924,1110,52.80540568,2
18.34240145,3981.029477,780,57.13725479,2
19.40969651,4835.574491,885,79.30336826,2
27.96987108,5821.541073,735,59.42849604,2
13.60557596,1754.808608,450,63.85838625,2
15.97250057,747.663173,180,30.64141371,2
21.02837416,5262.745018,885,51.33788993,2
12.42966206,2746.581884,780,44.57193187,2
21.72094107,2349.906188,375,63.31797065,2
10.8481052,4383.043913,1440,62.05227769,2
15.25172042,3108.56116,735,43.91786016,2
17.6944924,2572.788931,510,191.1728984,2
9.886575526,3579.900584,1290,40.31958643,2
17.09979587,3979.447474,825,137.3748686,2
13.92015489,4929.427225,1260,137.4900532,2
15.71655284,5357.812116,1215,66.60579532,2
22.51661938,5440.398057,855,192.0079616,2
18.29710129,4875.586428,945,40.09111085,2
21.85189816,4753.812723,780,48.36437174,2
9.875008039,4107.88371,1515,36.59774827,2
14.90030802,3848.333664,915,84.0893076,2
14.02949324,3798.857279,960,80.76698185,2
13.5703958,12324.91671,3255,90.55937058,3
12.48564145,5564.4631,1590,45.1488024,3
15.8424103,5520.281755,1245,58.71947121,3
11.03570602,1654.763502,525,33.68585481,3
11.46453481,2140.342361,660,37.24055122,3
6.663357451,1166.932071,615,24.66118909,3
38.66519411,1536.778954,135,204.8513685,3
15.78822585,2294.172299,510,43.09460674,3
18.5751316,2046.226205,390,65.48299565,3
18.83604918,3834.105836,720,187.1935482,3
10.47930004,3098.83636,1050,37.72494227,3
18.72836936,2630.86614,495,53.97542458,3
30.89900685,1803.362119,195,202.0183755,3
15.98031934,2910.484609,645,51.36989356,3
28.51577345,4176.766112,525,95.74339809,3
21.66702383,2879.958896,465,178.3643244,3
14.8784857,3057.356551,735,45.08906929,3
13.0104422,1767.447794,510,45.71506651,3
16.37713633,2047.982377,435,39.87581594,3
16.80600247,3039.467454,645,56.68492391,3
12.69327206,2854.671624,795,55.24738717,3
18.54045268,1719.136945,330,45.08339146,3
18.5055005,4010.15015,765,64.62865352,3
21.78934085,3542.415803,570,63.39906454,3
4.970414545,1853.533143,1335,39.99340183,3
23.1120183,525.8855259,90,40.06513482,3
20.58480381,7464.837466,1290,59.43432152,3
12.64636977,2880.140534,810,46.25789591,3
22.36707931,1354.346135,240,79.00813166,3
15.08688534,2201.21213,510,39.59797488,3
15.98471614,1864.125515,405,40.07097469,3
22.04860868,5283.010936,870,51.92196985,3
16.28911349,2578.140243,555,43.53706288,3
66.02454102,2204.042946,105,273.1321747,3
17.10579552,3396.762754,720,62.83090275,3
13.77583104,1194.916749,300,54.40191868,3
26.17446459,3056.626189,405,200.8610306,3
51.51144083,2317.34726,225,269.1226615,3
12.49019595,887.6246043,270,42.91689073,3
11.77770391,2598.248883,780,71.11547757,3
5.013654223,677.9558955,480,18.73361751,3
10.97157225,3096.581776,1005,43.63978088,3
14.54396369,2000.523356,480,72.35875792,3
15.62794441,3842.292305,870,49.83374203,3
16.4055759,1517.175607,330,48.73763045,3
23.62233466,3397.367688,510,66.78451404,3
26.29772706,3880.51988,525,61.74357004,3
18.36328746,3436.657042,660,172.4195912,3
20.23735461,1923.638946,330,111.6580815,3
16.70647379,4056.44149,900,70.33020468,3
14.23123623,2188.419021,540,59.66132529,3
20.20316672,4203.635895,735,52.9271405,3
13.98121524,4842.411244,1230,46.50556924,3
28.85841499,2749.86064,330,155.9637386,3
9.559075729,1634.602975,600,44.30592197,3
18.59990461,7426.878598,1425,50.11788882,3
17.37150683,2744.496524,555,193.5785551,3
14.48432432,2997.940742,735,45.80606066,3
16.86504116,1828.971567,375,183.8207993,3
18.11120146,12281.93485,2430,118.9232194,3
35.11930865,14227.96998,1455,117.4774344,3
8.471245433,16658.49215,7065,101.4194313,3
32.63245671,2966.561072,315,225.6727282,3
22.939163,4968.633104,765,206.9589108,3
16.65539012,6817.717241,1485,69.75743813,3
30.95416878,9789.537268,1125,379.4261311,3
41.46769369,1514.466074,120,264.5611976,3
10.5360117,1009.090302,330,43.48944636,3
0.066987326,0.839497659,30,0.200961977,3
22.25808767,3247.174205,510,109.5929145,3
11.09969318,1008.663641,330,35.47917535,3
5.337352209,0,0,5.337352209,3
47.76130023,17828.36458,1335,119.3320958,3
21.68637904,17981.00047,2970,108.8267386,3
618.2810206,11695.63935,120,2755.661161,3
13.72601057,1589.549997,405,38.13381096,3
100.1913038,46729.75682,1665,5026.618829,3
13.2125255,985.1087797,255,41.64722315,3
17.93397539,3138.654068,615,73.36890092,3
17.52688657,2301.753458,465,179.1466857,3
18.847099,1929.212162,360,60.97879526,3
50.9063485,18027.03135,1260,156.0214034,3
43.07265221,16325.85319,1350,134.077825,3
13.9572285,1863.658886,465,61.55641312,3
9.734705993,1369.038272,495,40.04829548,3
20.82539523,2612.39493,450,95.80316999,3
12.69290771,1159.949247,315,58.47957856,3
9.437609931,1050.639441,390,35.37364518,3
10.34306051,1730.376129,615,33.22234036,3
11.38626908,10850.3512,3420,222.4011455,3
17.79127024,2446.027955,480,59.20865998,3
35.21139381,3541.116344,360,78.97119879,3
35.50271905,4372.492313,435,130.3419151,3
11.7542112,1568.95645,465,30.34577066,3
17.20455286,2218.643328,465,42.75907271,3
47.35700398,3424.594565,330,268.880974,3
16.45333578,4391.395162,945,74.94981995,3
13.2689633,2532.792183,675,55.22152294,3
17.01044835,2801.711699,585,198.3905928,3
15.07249028,2437.927965,570,62.98879428,3
15.30152323,2486.57457,570,183.3552897,3
19.91960799,2979.223827,525,225.7351477,3
126.6902886,1172.34342,30,181.7865667,3
12.62071936,2289.310573,645,153.9312401,3
17.7983407,1707.868788,330,156.6348508,3
9.344549037,1479.300165,570,41.35399971,3
16.75307589,1740.44314,360,65.70665025,3
18.61933747,1297.531915,255,87.84090595,3
17.50887451,4221.066734,855,58.98350977,3
31.88374042,5848.318889,645,92.26735069,3
15.99847341,4096.451107,915,57.3041459,3
15.89225243,5174.368511,1155,45.41186544,3
34.01994758,7486.895291,795,230.957484,3
22.05577185,5141.736591,825,56.91612358,3
33.3184759,6669.659461,705,203.4373446,3
24.62128952,6466.085233,930,124.8738776,3
10.78067623,3369.499472,1110,52.09537113,3
51.12409026,6090.607112,420,213.4295767,3
14.35429989,2322.562038,570,46.68934178,3
22.52429482,4130.071157,660,88.86908939,3
40.89415874,1987.415754,165,130.7675993,3
19.37289327,2171.672275,390,87.35568805,3
19.64338879,2690.070554,480,56.56002095,3
8.856572297,1502.483798,600,29.78219703,3
17.82697374,3118.220544,615,201.6296774,3
19.00681272,1929.723899,360,42.70100475,3
22.97410802,1423.76761,225,47.50486444,3
18.8350834,2480.77175,480,69.38604217,3
39.59977939,13383.79808,1200,215.7375952,3
32.56284621,6517.332443,705,106.2330521,3
27.12654229,5129.540931,675,99.70978022,3
21.06853353,4741.556527,795,53.31346753,3
25.27547081,7231.909654,1020,66.60632372,3
30.7766442,11272.56066,1305,104.8202173,3
36.74746942,12263.52627,1185,347.4404715,3
36.50971697,9125.168435,885,93.92904808,3
22.30440296,10512.75521,1680,77.4735015,3
42.56383341,10475.02285,870,92.9644898,3
19.98103655,5349.030738,960,52.65493307,3
24.89012954,4703.756375,675,89.02771178,3
14.27318753,3447.440155,855,48.09665553,3
23.15152466,5007.088635,765,102.4811943,3
29.07111975,5797.215321,705,201.1148038,3
27.41897455,5606.400244,720,192.0143599,3
17.50309883,6050.387222,1230,57.94627967,3
23.22092326,6673.929715,1020,186.4576032,3
20.1443975,7478.759182,1320,61.92995213,3
30.93930174,1124.770241,150,87.5589726,3
12.75480774,3486.668094,975,55.918137,3
17.06676306,4196.209006,870,45.12981827,3
18.48399445,2763.301629,525,130.8540129,3
36.14932367,3015.183679,285,197.5325611,3
23.90388498,2910.820162,450,98.75103212,3
23.21605126,3873.449373,585,237.2668949,3
20.8506284,3891.795511,675,183.7688457,3
12.84959962,3170.338809,915,40.42154738,3
16.54463149,600.9960988,120,73.91440855,3
22.61268005,3108.848727,480,201.5167035,3
20.74304356,1640.735206,270,65.66488852,3
19.78563684,5020.65313,900,162.1597708,3
25.28951091,3051.978471,420,116.2684801,3
31.72642454,2022.197054,225,72.10914313,3
18.90046826,1957.195175,360,98.91282817,3
19.59007544,3188.4675,600,88.23728819,3
14.8468322,1419.453197,330,45.60231383,3
21.08280462,62180.60243,10605,131.347719,3
19.12683063,1342.768494,240,166.7343371,3
31.82901399,5141.697224,570,80.27888208,3
28.71974351,6928.626405,855,120.0633028,3
18.52113836,4008.962362,765,59.3731297,3
21.52134367,4038.448057,660,56.7046109,3
18.5432918,3476.594773,660,61.3476432,3
11.94548577,9686.825583,3000,77.0099452,3
19.41244549,4037.041633,735,109.356852,3
37.45605232,3277.875833,300,123.4401385,3
22.6711298,2881.581964,465,59.37309356,3
12.18831747,1825.029721,525,52.22623831,3
17.372311,2461.80261,495,51.99241021,3
16.32829028,1078.703523,225,43.08835512,3
34.4849465,4793.403299,495,73.63213085,3
20.6502782,3516.81598,600,182.0216598,3
19.82128143,4300.772668,765,124.8693177,3
17.94522016,9509.093808,1890,204.1267806,3
17.44108314,4217.169038,855,56.10303755,3
59.11495236,9845.891868,585,108.7671983,3
45.26236108,5479.393561,435,96.16805158,3
23.83247207,6680.274632,1035,192.719232,3
16.02376925,4207.734436,930,48.15456944,3
57.15783685,9285.619345,570,219.3875446,3
21.40641831,4186.204381,735,65.94531415,3
42.82457635,9284.107338,795,117.670039,3
19.47853032,3637.310334,690,104.9455454,3
58.79430913,8973.618167,540,133.0023952,3
45.00334453,11818.08646,930,141.0996638,3
43.11902776,8207.440344,675,108.3489134,3
20.6908293,8909.054155,1545,67.94551944,3
27.91825783,4764.393604,600,187.5724793,3
25.92229286,4540.827089,615,47.43970029,3
31.63124976,8038.452562,900,86.05900047,3
26.76414798,6027.803218,795,66.37490667,3
12.77391295,4362.356133,1230,73.57726741,3
21.73883032,5806.551787,945,180.2227096,3
21.49056021,8936.168247,1485,59.46810592,3
23.95013851,4396.537959,645,197.5002258,3
35.6907388,5209.929305,510,71.7336254,3
23.91985934,5747.965772,855,62.89850876,3
34.25117606,9133.908002,945,81.6168704,3
21.72075046,5346.356126,870,183.3555679,3
29.9143889,5907.970656,705,79.95136858,3
33.90033828,8052.221274,840,106.9624138,3
21.05443758,6435.73584,1110,151.3055944,3
31.81141153,6047.801535,690,188.9989486,3
18.02938031,5191.528728,1020,56.51448752,3
33.76793866,7741.744533,810,84.82101697,3
15.70567194,5862.002797,1335,60.69527994,3
28.5656529,7714.613659,960,148.8683191,3
38.33904742,9095.514896,840,98.98774535,3
10.32965686,8272.710766,2865,49.33668949,3
29.14216709,4174.876055,510,55.51553445,3
31.20667678,10934.13862,1245,96.26743216,3
30.67726647,10620.73158,1230,104.7015539,3
35.4318962,11220.2457,1125,107.0341052,3
12.85461507,8730.038925,2430,84.17754222,3
25.14678325,4885.563293,705,62.55244792,3
24.99797695,10327.28146,1470,63.21120027,3
47.85473213,12573.33054,930,178.5721713,3
28.82076041,7451.224129,915,99.78911154,3
29.03329533,5083.510986,615,219.1879689,3
17.57187672,4319.828165,870,52.54392571,3
22.1129404,3101.616391,495,52.26124145,3
17.65783318,2854.801118,570,62.94814788,3
34.62896277,5486.096453,555,155.8213456,3
28.05293936,10645.7729,1350,98.07154603,3
27.80574009,5447.811291,705,216.6389852,3
64.99018737,5029.873546,270,221.1758133,3
25.87618039,3452.050461,465,104.2846052,3
30.3642055,6079.409282,705,83.27900964,3
25.54879994,15331.79334,2145,446.3837379,3
32.6096503,5516.072289,600,75.11076604,3
12.93573878,4251.01545,1170,42.48877589,3
11.17932839,2560.374358,810,45.51202407,3
26.8225069,3732.290941,495,241.5835581,3
19.65277074,1556.497518,270,52.71208797,3
35.57386261,3389.351351,345,186.5827204,3
33.66743467,11875.47987,1260,97.53923434,3
41.33780972,9825.840638,840,107.5438155,3
13.86595298,5556.176986,1425,190.9724336,3
35.34823655,15081.34368,1560,112.7283759,3
36.04727376,21200.49886,2100,90.29572643,3
28.66058037,8333.642371,1035,97.81504969,3
26.16189061,10476.30562,1425,110.676459,3
41.69741006,10059.90575,855,133.7266252,3
23.50975345,6165.616555,930,155.7628132,3
28.0267385,11688.04081,1485,76.27992282,3
26.1163684,9364.620367,1275,93.59922323,3
33.95299851,11468.14539,1200,85.79214629,3
23.75648688,3966.445514,585,250.8199625,3
31.65359533,5829.857242,660,376.138875,3
12.25727416,4532.313502,1335,37.3592537,3
18.20301672,3533.800401,690,42.72197441,3
22.73533795,3492.870947,540,58.68816006,3
22.92726763,4209.60748,645,190.6735702,3
42.46181627,5330.245667,450,211.6729519,3
20.66157062,5168.592842,885,55.45974519,3
16.58100905,4279.953273,915,204.1267806,3
24.78042118,5789.113076,825,179.0293957,3
21.43000937,4288.849206,705,65.18086579,3
13.1807141,7697.721563,2085,189.7696667,3
19.48493067,5850.805368,1065,195.5489957,3
11.74569454,8033.714755,2445,86.98596994,3
62.98543256,5829.06159,330,249.6442247,3
22.04744732,5689.105606,915,78.17679355,3
29.25461789,5481.617603,660,60.39398754,3
23.57492109,7366.994867,1110,174.9626821,3
23.11936108,6466.187705,990,152.3637133,3
24.26625699,6481.224518,945,189.8192289,3
20.50206536,11844.8857,2070,63.85671343,3
32.97226047,7771.397841,840,55.07385685,3
30.1277177,10025.84625,1185,53.32728106,3
25.91882121,5407.056515,735,79.31015591,3
9.724604659,1636.597038,630,27.70307687,3
13.93874975,1673.988197,420,89.89256128,3
12.25646725,1214.786347,345,42.70070889,3
12.62656654,2204.419619,645,37.06955473,3
12.69927159,699.8881472,210,22.47804522,3
14.88735794,2104.995353,495,67.80106784,3
15.02059975,485.431016,120,42.1604607,3
10.51810648,3251.928258,1125,68.43931594,3
8.230597734,5571.797151,2430,54.39561238,3
7.906626171,1198.641936,570,28.59329252,3
11.41300021,3091.728781,960,75.28070526,3
20.28605618,2527.830442,435,52.16953816,3
16.21596969,2658.374973,585,43.0946416,3
13.70394431,3487.423062,900,51.73829489,3
13.88632958,4159.061939,1065,52.15177208,3
18.80310545,2968.806532,555,197.5005266,3
14.482543,1677.719191,405,34.72129046,3
17.86663835,1932.716231,390,49.28992582,3
22.12964536,2025.387837,315,51.19907945,3
14.58260135,3272.746117,795,53.71615606,3
23.16194579,1445.810485,210,90.73521003,3
8.459416985,1764.978986,735,31.59877364,3
17.34570933,3249.537635,660,42.33126173,3
27.64189427,2070.251822,255,98.7540998,3
15.42834911,3109.913376,720,44.51797734,3
19.99423374,2003.254664,390,64.17416878,3
10.64580314,4037.783588,1350,43.69228681,3
10.77325277,2991.894981,990,42.9933316,3
28.83777881,2037.088863,240,63.93711276,3
84.48961701,9512.746655,390,298.2171209,3
35.95084487,10181.8112,1005,84.86029529,3
21.23013429,6361.584246,1065,90.74406903,3
22.98051327,3441.264174,525,54.25236873,3
17.01719042,7530.995765,1590,54.38670353,3
20.74906134,4363.46625,750,45.72578735,3
23.85207127,5568.657563,825,57.24120806,3
18.40898178,5021.96059,975,50.77333032,3
34.95933928,7873.260216,795,106.3935788,3
30.24388448,12235.8688,1440,110.2444172,3
18.92376274,3919.775354,750,184.3694252,3
26.16463543,1419.756979,180,181.1667843,3
15.63913232,889.9989094,195,26.16921027,3
8.186546933,1924.200484,840,28.67118837,3
11.88781522,1389.316238,405,167.2156693,3
11.72617452,1263.274428,390,30.01792099,3
29.92288244,4243.797101,495,51.71679758,3
18.66314955,3802.645016,720,46.3687213,3
22.82492511,4033.827344,645,184.959266,3
23.31825007,4463.144802,675,183.9514874,3
35.3660545,6593.41405,660,84.11669104,3
30.02537447,6283.212148,750,179.9485562,3
17.60948301,3969.35476,795,193.978923,3
27.52478514,5167.784261,660,74.59056248,3
15.49186175,2194.273381,495,96.21922576,3
13.77845943,4413.152435,1140,189.3038375,3
27.88925439,3979.219399,525,180.0331731,3
21.26499056,2786.514192,465,58.66692407,3
11.51396519,1779.728271,555,40.29609656,3
19.37847628,2491.455361,450,43.60874899,3
7.988065841,2029.57606,900,30.02932071,3
20.72131072,3656.852832,630,47.20582003,3
14.08243694,3576.998779,900,50.70732395,3
13.79725393,4711.772683,1215,41.64976701,3
21.54590939,12715.0728,2115,69.44256798,3
27.67837668,6352.169358,810,67.45390579,3
20.80758627,8933.105388,1530,64.56108048,3
32.1658379,6759.093633,750,114.7462269,3
32.3412294,8224.155977,900,88.32668885,3
25.97170426,5494.412811,750,62.12673649,3
25.58357552,5219.551045,720,208.3436624,3
13.36589687,4553.418356,1215,44.42322108,3
14.40838468,2991.033573,735,151.8958015,3
33.91318907,3300.217845,345,128.1041753,3
21.34934277,5686.199753,945,187.7651398,3
17.45987493,4080.783517,825,49.29106916,3
23.54252543,3475.695571,525,53.32244026,3
16.24257198,3861.741436,840,50.91760118,3
16.99797477,16260.72108,3435,52.38398303,3
15.18518843,8542.154195,2010,55.27626413,3
32.52656371,9610.848521,1050,55.39241463,3
22.94306744,5474.000352,855,65.46791639,3
17.51225461,5333.563812,1080,75.09149876,3
30.22571288,12814.49994,1515,99.83035304,3
17.45363284,4857.501764,990,307.098372,3
14.32199421,2910.526544,720,72.05677595,3
16.62055253,2879.73317,615,43.81877159,3
18.00168032,3743.139685,765,59.39961101,3
22.3633642,6203.629363,990,90.32981971,3
20.62699027,6246.263644,1080,61.73430434,3
19.17225802,4705.5403,870,206.0548482,4
23.31754303,7289.253978,1110,67.82765236,4
19.53383367,4871.16976,885,143.346983,4
15.06748011,5838.246491,1380,98.090638,4
25.25433261,5542.753711,780,59.22625254,4
34.58099228,7411.36491,765,204.8302956,4
21.03598866,7109.59016,1200,186.1615963,4
21.77757779,4725.793376,765,57.72721631,4
58.59499273,16127.05611,975,415.6539738,4
29.35146662,5363.707548,645,199.821407,4
29.79436946,3447.716638,405,153.6810559,4
11.99333799,3535.312492,1050,69.40914103,4
16.71470643,825.28168,165,42.91660144,4
20.15258179,2857.028924,525,64.8008944,4
16.25674151,2295.830839,495,48.09665166,4
29.20964993,1943.608288,225,114.8306175,4
20.10976647,2258.584029,390,123.1871327,4
20.70063909,2810.340129,480,114.2113978,4
24.78713333,7324.512993,1050,72.14490985,4
18.64586987,6522.867861,1245,106.5356056,4
15.91746541,5041.069805,1125,54.10890446,4
18.73689176,5776.211344,1095,56.05120248,4
12.91091563,5333.569211,1485,56.41725671,4
22.37402324,7829.25067,1245,85.4727661,4
24.42071389,7026.247093,1020,62.14524853,4
23.63547818,10343.88618,1560,93.08000223,4
27.37839793,4089.072305,525,77.54246764,4
37.45137263,12608.68703,1200,92.32104737,4
23.33853308,8459.146643,1290,101.180847,4
21.31356525,6568.106539,1095,62.45245252,4
24.89559847,4245.167177,600,43.24175562,4
26.07139274,4782.478228,645,116.1257136,4
22.11863361,6456.287395,1035,70.18284739,4
15.41839841,4117.577441,945,49.26321551,4
23.38576655,4467.384024,675,209.6199957,4
13.68759906,2733.167005,720,56.37412108,4
18.8610661,4551.902798,855,67.5652123,4
16.86460545,4981.941945,1050,62.37282296,4
17.51348686,4177.742034,855,54.30356425,4
13.73801309,3030.182944,780,51.57730061,4
15.41115738,3699.231835,870,43.13184082,4
38.24255402,2672.536551,240,155.6153746,4
18.4677246,7849.259044,1515,185.3089338,4
20.38361415,4182.691397,735,93.60157065,4
27.77353547,2097.429477,285,76.71118166,4
43.90553984,11514.19979,930,94.55430293,4
52.50941075,11169.18757,750,116.0667046,4
13.69030613,3933.404853,1020,53.78370086,4
49.94105623,11246.78849,795,94.37813125,4
28.48771093,10567.53286,1320,109.7293941,4
22.1604692,7225.459087,1170,53.13525567,4
14.34309952,2690.78234,660,160.7857231,4
28.936777,4441.707321,555,96.88014845,4
40.99156072,7182.292481,615,92.95019386,4
20.36170427,4774.008861,840,51.98166544,4
18.86754572,5825.391702,1095,61.1076571,4
37.23441392,5424.369676,600,227.3516946,4
23.28520421,6211.873297,945,67.55243294,4
22.8654469,5732.834952,900,68.33017283,4
34.82239503,8423.638544,855,80.18214455,4
11.94696986,2141.492984,630,46.06160995,4
28.05414835,2455.197825,300,97.47510371,4
20.25252696,6928.228972,1215,185.7708348,4
8.207035969,2916.757749,1320,48.03616988,4
16.29400715,4076.086568,885,45.51145929,4
12.46515667,3623.264277,1035,171.1434994,4
14.02587827,2629.332551,660,45.45462524,4
27.111126,3318.848618,510,152.2042034,4
22.58576778,5927.605373,930,102.5597886,4
23.24037838,4251.051965,645,71.42809654,4
13.79186898,8626.531253,2235,68.38530678,4
27.8760936,6942.588347,885,82.73774149,4
23.24552248,4839.440604,750,53.43928752,4
12.13639273,1392.191675,405,43.24114876,4
16.0172608,5212.603077,1155,51.71943231,4
18.5805386,4554.137862,870,176.7613156,4
17.35996725,4921.114967,1005,52.92586054,4
13.59971961,2634.689001,690,48.10253591,4
21.88024359,5652.919032,915,188.1967011,4
22.61994303,2447.846265,390,44.26303347,4
14.05738663,2228.557672,555,52.32185745,4
41.13344241,11221.52771,975,107.3537094,4
32.81060494,14262.84452,1560,75.66155185,4
29.53863322,7884.842382,945,55.15253949,4
26.18922536,11351.20464,1545,110.0240508,4
31.86255945,12232.36004,1365,69.67414045,4
19.08134691,1840.713658,345,43.52186014,4
27.75061182,2517.144976,315,55.28404755,4
19.98917644,1074.646022,180,51.83991759,4
9.97508974,2739.915343,975,43.9113973,4
23.03519355,3705.009557,570,56.44005945,4
11.48641301,1748.870684,540,34.69337134,4
14.67933022,2448.465517,585,41.97227851,4
10.9043426,2592.111184,840,49.48318077,4
13.47368127,3678.321931,990,54.11797408,4
13.71489293,2278.02471,585,54.83747722,4
19.56318625,3446.295124,630,83.10829925,4
16.98888197,2042.550202,420,183.3555679,4
20.25355867,2363.353326,405,151.3055944,4
18.30629691,1950.622127,375,39.55724215,4
16.98110291,1995.181803,420,35.21267384,4
14.91645516,4329.476253,1035,141.0726822,4
20.21055454,5889.731495,1170,182.5680083,4
18.47655588,5666.709311,1095,48.27494433,4
19.11194133,3512.898661,660,52.36358913,4
19.81015986,2357.609543,420,39.32037659,4
24.77877543,3198.943072,450,57.25077875,4
24.55976806,3979.711489,570,85.27796231,4
19.84788911,2886.001685,510,61.82062263,4
47.31942131,11837.38676,885,106.3045591,4
13.16332996,4116.928155,1110,51.5428592,4
41.5487109,8665.332632,735,98.13550173,4
46.21050117,10383.72318,795,86.36427247,4
49.48628742,9278.767364,660,89.07571144,4
38.27108963,8536.747105,795,86.75696966,4
33.61480174,12585.93248,1335,114.8234947,4
12.12017783,9250.39631,2730,190.1705848,4
30.83548285,14143.23137,1635,104.5355154,4
25.22064304,8519.179858,1200,102.9491063,4
33.04580289,8817.977198,945,94.81806391,4
24.59608632,7279.182562,1050,89.06521452,4
19.5528857,5521.411518,1005,55.10574325,4
26.28938307,4597.816251,615,64.55018579,4
15.24690372,3810.276582,885,45.14668684,4
13.15033125,4159.272382,1125,50.71479852,4
13.04486442,1245.806883,330,34.32210639,4
12.22513888,1366.674577,390,154.9025869,4
14.76175018,2071.420509,495,180.7501746,4
15.01646619,2804.053812,660,56.04544011,4
13.44948633,5044.591745,1335,54.90533033,4
14.48218821,2598.270407,630,75.81490513,4
15.4238278,3341.589027,765,51.93828296,4
18.54172405,1466.661405,270,140.6723551,4
14.79342328,3143.036612,750,37.98103486,4
26.04663409,2932.642711,390,179.9485562,4
17.4235747,1670.078548,330,41.74876176,4
25.06341074,7522.258758,1065,63.09830762,4
15.85523628,2709.261659,600,51.58723936,4
19.76452167,2885.865909,510,183.5820659,4
17.67727746,2118.609529,435,43.5641233,4
30.19698918,11176.8865,1320,108.1891923,4
42.73760729,7832.261463,645,100.0780242,4
20.49801259,4594.509716,795,61.8711557,4
40.03349763,9506.169559,840,88.39384203,4
23.96270915,4399.348079,645,50.30608051,4
58.26496819,9431.530188,570,96.05704908,4
22.70582278,6482.737504,1020,54.63465359,4
29.60295672,5050.703833,600,82.73688352,4
22.96826804,5353.242005,840,50.21414816,4
22.65163959,5195.838059,810,173.628797,4
24.1801593,4675.307333,720,64.08080414,4
18.92104747,5125.601127,960,51.69067752,4
20.04912182,3507.421401,615,49.78247379,4
22.01644009,6413.079467,1035,86.68417473,4
23.62489655,5968.43159,900,193.0114838,4
18.81965906,5096.608705,960,45.62226582,4
12.36866556,3290.147968,945,44.64637955,4
12.66093587,1415.039433,390,33.91478997,4
10.63026925,1351.367513,450,31.78811465,4
14.31721823,2043.000082,510,40.45210167,4
14.69981796,4216.575084,1020,43.22228559,4
33.7144862,6400.61412,675,64.27879974,4
22.2991412,7247.028742,1170,75.86885663,4
15.81643751,4740.389869,1065,59.42273998,4
13.61373612,1636.338949,420,171.7331543,4
21.79510569,2363.706544,375,48.29880977,4
21.02000295,4205.97392,705,48.03659013,4
9.841991719,6385.76103,2370,50.7446426,4
34.73878685,6940.057742,705,92.2782419,4
23.08772514,3071.560952,465,54.85433602,4
18.42267779,4661.209299,900,61.64399749,4
15.41953172,1669.035174,375,50.70484599,4
18.05347525,6768.738409,1335,48.0869971,4
16.97272233,2612.687282,555,41.77945511,4
15.65657988,2010.954953,465,46.64132618,4
9.667546782,965.5070134,345,33.74861431,4
11.54876988,1492.860911,450,28.59333005,4
23.24684067,3284.946487,495,58.24042909,4
13.96865255,3373.590235,855,51.33788993,4
18.21021146,1353.130781,255,45.66729538,4
21.10926998,5709.427846,960,92.67963785,4
45.61555858,1294.630956,120,99.70966847,4
13.17111229,4372.148369,1200,42.91531946,4
20.5814646,2745.977729,465,70.17574091,4
13.40446032,4293.808483,1170,47.25860008,4
19.91605964,4488.791434,795,58.14988406,4
18.13198134,2796.715713,540,64.89490901,4
21.79041208,4894.49871,795,72.00080539,4
19.69236381,4765.302859,855,62.41593098,4
22.03640894,2708.349691,435,51.8951721,4
18.74787709,2418.57774,450,53.43741009,4
12.06696789,2557.099625,750,38.9615107,4
15.20978477,2210.411878,510,45.49557059,4
14.15003187,2053.505151,510,40.08022434,4
10.38045771,1946.501822,660,33.51688664,4
11.60917177,2174.254179,690,50.03704684,4
18.17381529,2567.407332,495,53.32135856,4
4.259532125,497.301979,405,18.13961843,4
22.02507369,3663.538987,585,43.29852517,4
16.58134232,2200.727523,480,54.35222942,4
10.44776277,2950.470376,1005,36.99775472,4
10.80768853,4258.77465,1410,46.55520724,4
18.60503054,4023.44337,765,180.772973,4
28.3712052,6459.861879,810,91.45304631,4
5.37471749,11053.46138,7380,66.29792979,4
15.66203559,6264.652499,1425,65.90508365,4
23.13428657,6329.591781,975,101.6530664,4
20.41073902,4505.581444,780,88.31249346,4
16.75420547,5374.542754,1140,75.02092862,4
26.42811988,8907.092475,1200,92.03122007,4
18.09529799,8311.38466,1650,67.91675709,4
22.99275763,4509.749133,690,75.51838962,4
32.0826789,5342.930304,585,72.1735632,4
14.35111557,3830.924257,945,44.20107966,4
28.79795608,5603.605498,690,76.6248221,4
22.73847374,3378.489428,525,59.130588,4
15.2764907,5368.970102,1260,75.6282125,4
25.20356742,7262.942343,1050,71.79402221,4
20.57844651,6090.902233,1050,82.79139949,4
13.25834434,5360.019461,1440,58.90322566,4
31.97453922,6398.538382,705,85.61011016,4
25.23697415,6238.445528,885,69.98666456,4
27.31514318,4842.459689,630,104.5816825,4
24.40646119,4600.661051,675,95.99567766,4
14.31835507,2314.850559,570,40.29597932,4
17.83818112,3718.164443,735,50.66962651,4
15.0360626,4250.652072,1005,154.4254134,4
19.62674797,2125.988415,375,166.0098422,4
10.41606354,1430.385735,480,64.10194374,4
26.47096264,1431.304655,180,199.9542169,4
25.66231927,4898.825388,675,190.9724336,4
23.67080213,3587.659487,540,94.87649572,4
18.1018265,6988.594245,1410,93.08013623,4
23.31489931,5428.080039,825,147.1157216,4
15.47001595,5474.452702,1275,110.7890926,4
52.14973362,18376.67817,1260,125.0569975,4
61.69629529,16832.02745,975,94.7195071,4
36.85031625,9515.64467,915,89.01067036,4
48.74291102,18049.64415,1320,118.5886837,4
86.3478056,17829.27893,960,1334.254183,4
41.38836929,11912.8025,1020,241.0312072,4
25.6104884,5213.945933,735,179.3650649,4
22.07102604,9112.042784,1470,109.0108531,4
96.06669328,36970.63666,1650,1791.853727,4
45.84151559,16565.39543,1290,189.0676472,4
49.81183593,18267.48704,1305,154.3358848,4
21.57909027,27319.55015,4545,103.1862146,4
44.98278404,18750.33441,1485,114.5088377,4
21.91301623,1643.10653,255,177.7439384,4
9.945266886,2195.353297,780,30.83738559,4
19.14268807,1957.384627,360,63.39925943,4
7.026032138,1548.935247,780,30.94946589,4
17.26698814,1412.454296,285,61.77237525,4
0.150720333,2.518473845,45,0.401920889,4
15.17766802,13991.12756,3300,185.9892224,4
16.75038371,5371.684896,1140,39.47582221,4
20.64626365,3033.734954,525,51.15503986,4
21.58514996,5042.077457,825,55.48428102,4
21.75848581,4640.902677,765,54.3942463,4
24.20933649,8579.519829,1275,186.791724,4
28.53970162,3809.098898,465,65.79898168,4
28.89339127,5714.421406,705,90.30774243,4
31.16947118,7397.08618,840,75.89088124,4
30.57125881,4665.232682,540,195.5831192,4
23.148504,4928.884806,765,46.44846308,4
23.20651119,5325.90145,810,175.5400147,4
19.53344193,4809.351077,870,49.51345893,4
27.0221085,5794.750424,765,182.6430457,4
24.11744351,5834.310193,855,53.69980237,4
17.29445757,2918.842328,600,47.30345521,4
12.6774725,2961.775625,840,160.049143,4
15.5331556,1232.27759,270,182.4673529,4
15.20987403,2155.802792,495,35.14617104,4
11.19245852,1296.258004,405,163.3980262,4
21.49615562,257.1670715,45,24.31968528,4
15.47731214,4384.112268,1005,46.41655272,4
17.62150273,3369.621855,675,49.10612765,4
20.6903881,4573.346428,780,55.25788515,4
19.21790163,4085.389895,750,58.16032848,4
23.22266594,3618.600248,570,56.0425584,4
39.04251233,5506.168225,495,92.85348426,4
17.9358061,2467.940981,480,52.28175837,4
39.97372919,17659.02009,1575,149.6036067,4
14.95374531,2107.398538,495,37.38793005,4
19.20822734,2629.176523,480,42.77864354,4
16.19052597,3744.015953,840,56.42302144,4
10.63671449,2292.753993,765,45.36793873,4
13.74469523,3094.197535,795,51.23912987,4
17.57507716,4100.982306,825,78.28379328,4
17.81732766,1483.989852,285,32.07513374,4
10.01163954,1333.962437,465,32.62431034,4
14.32369755,1432.248645,360,46.51051397,4
16.54750813,1289.175102,270,173.8280635,4
14.10371923,2174.505909,540,158.955348,4
12.3916067,2213.992279,645,28.86101189,4
6.980408489,604.8217342,315,18.69045828,4
17.64011643,1978.639121,390,153.5373677,4
14.33720692,2031.516424,495,55.67380109,4
13.64939164,1138.385319,285,42.7556122,4
8.645445531,2198.980963,900,29.87694449,4
18.56136753,2785.547937,525,40.19363303,4
15.09821737,4216.223897,990,49.2024221,4
18.98250934,3867.999648,720,186.1615963,4
14.82089547,1527.18021,360,41.37142001,4
16.16665173,1478.533454,315,42.94818989,4
14.27248719,2905.09956,720,40.11528691,4
20.12044894,2595.186748,465,44.91975524,4
13.25871883,1378.807944,360,34.64179858,4
17.26079877,3454.066814,705,67.78113128,4
12.54251197,1304.634303,360,38.59642736,4
14.57631411,4163.15043,1020,45.71507285,4
10.79903704,1725.563352,570,31.09302378,4
1.271455095,26.47220806,60,5.352464056,4
0.820591132,60.58701485,300,2.735918057,4
6.565918058,3090.010014,1680,42.6823485,4
18.04162451,3446.131174,675,45.29055119,4
16.87475129,3778.896333,795,52.02144431,4
17.2564227,2431.480823,495,42.69929048,4
15.85309549,1584.866933,345,47.3227964,4
35.89019334,7172.342089,720,142.570452,4
16.0667555,2409.925059,525,37.63243832,4
19.97122557,2709.145093,480,180.349363,4
32.45795337,3958.097842,435,178.5666451,4
17.80902922,3487.14454,690,51.45748167,4